date,home,away,goals_home,goals_away,tournament,et_or_pen
2024-06-20,Argentina,Canada,2,0,Copa America 2024,
2024-06-21,Peru,Chile,0,0,Copa America 2024,
2024-06-25,Peru,Canada,0,1,Copa America 2024,
2024-06-25,Chile,Argentina,0,1,Copa America 2024,
2024-06-29,Argentina,Peru,2,0,Copa America 2024,
2024-06-29,Canada,Chile,0,0,Copa America 2024,
2024-06-22,Ecuador,Venezuela,1,2,Copa America 2024,
2024-06-22,Mexico,Jamaica,1,0,Copa America 2024,
2024-06-26,Ecuador,Jamaica,3,1,Copa America 2024,
2024-06-26,Venezuela,Mexico,1,0,Copa America 2024,
2024-06-30,Mexico,Ecuador,0,0,Copa America 2024,
2024-06-30,Jamaica,Venezuela,0,3,Copa America 2024,
2024-06-23,United States,Bolivia,2,0,Copa America 2024,
2024-06-23,Uruguay,Panama,3,1,Copa America 2024,
2024-06-27,Panama,United States,2,1,Copa America 2024,
2024-06-27,Uruguay,Bolivia,5,0,Copa America 2024,
2024-07-01,United States,Uruguay,0,1,Copa America 2024,
2024-07-01,Bolivia,Panama,1,3,Copa America 2024,
2024-06-24,Colombia,Paraguay,2,1,Copa America 2024,
2024-06-24,Brazil,Costa Rica,0,0,Copa America 2024,
2024-06-28,Colombia,Costa Rica,3,0,Copa America 2024,
2024-06-28,Paraguay,Brazil,1,4,Copa America 2024,
2024-07-02,Brazil,Colombia,1,1,Copa America 2024,
2024-07-02,Costa Rica,Paraguay,2,1,Copa America 2024,
2024-07-04,Argentina,Ecuador,1,1,Copa America 2024,
2024-07-05,Venezuela,Canada,1,1,Copa America 2024,
2024-07-06,Colombia,Panama,5,0,Copa America 2024,
2024-07-06,Uruguay,Brazil,0,0,Copa America 2024,
2024-07-09,Argentina,Canada,2,0,Copa America 2024,
2024-07-10,Uruguay,Colombia,0,1,Copa America 2024,
2024-07-13,Canada,Uruguay,2,2,Copa America 2024,
2024-06-14,Germany,Scotland,5,1,Euro 2024,
2024-06-15,Hungary,Switzerland,1,3,Euro 2024,
2024-06-19,Germany,Hungary,2,0,Euro 2024,
2024-06-19,Scotland,Switzerland,1,1,Euro 2024,
2024-06-23,Switzerland,Germany,1,1,Euro 2024,
2024-06-23,Scotland,Hungary,0,1,Euro 2024,
2024-06-15,Spain,Croatia,3,0,Euro 2024,
2024-06-15,Italy,Albania,2,1,Euro 2024,
2024-06-19,Croatia,Albania,2,2,Euro 2024,
2024-06-20,Spain,Italy,1,0,Euro 2024,
2024-06-24,Albania,Spain,0,1,Euro 2024,
2024-06-24,Croatia,Italy,1,1,Euro 2024,
2024-06-16,Slovenia,Denmark,1,1,Euro 2024,
2024-06-16,Serbia,England,0,1,Euro 2024,
2024-06-20,Slovenia,Serbia,1,1,Euro 2024,
2024-06-20,Denmark,England,1,1,Euro 2024,
2024-06-25,England,Slovenia,0,0,Euro 2024,
2024-06-25,Denmark,Serbia,0,0,Euro 2024,
2024-06-16,Poland,Netherlands,1,2,Euro 2024,
2024-06-17,Austria,France,0,1,Euro 2024,
2024-06-21,Poland,Austria,1,3,Euro 2024,
2024-06-21,Netherlands,France,0,0,Euro 2024,
2024-06-25,Netherlands,Austria,2,3,Euro 2024,
2024-06-25,France,Poland,1,1,Euro 2024,
2024-06-17,Romania,Ukraine,3,0,Euro 2024,
2024-06-17,Belgium,Slovakia,0,1,Euro 2024,
2024-06-21,Slovakia,Ukraine,1,2,Euro 2024,
2024-06-22,Belgium,Romania,2,0,Euro 2024,
2024-06-26,Slovakia,Romania,1,1,Euro 2024,
2024-06-26,Ukraine,Belgium,0,0,Euro 2024,
2024-06-18,Turkey,Georgia,3,1,Euro 2024,
2024-06-18,Portugal,Czech Republic,2,1,Euro 2024,
2024-06-22,Georgia,Czech Republic,1,1,Euro 2024,
2024-06-22,Turkey,Portugal,0,3,Euro 2024,
2024-06-26,Georgia,Portugal,2,0,Euro 2024,
2024-06-26,Czech Republic,Turkey,1,2,Euro 2024,
2024-06-29,Switzerland,Italy,2,0,Euro 2024,
2024-06-29,Germany,Denmark,2,0,Euro 2024,
2024-06-30,Spain,Georgia,4,1,Euro 2024,
2024-07-01,France,Belgium,1,0,Euro 2024,
2024-07-02,Romania,Netherlands,0,3,Euro 2024,
2024-07-02,Austria,Turkey,1,2,Euro 2024,
2024-07-06,Netherlands,Turkey,2,1,Euro 2024,
2024-07-09,Spain,France,2,1,Euro 2024,
2024-07-10,Netherlands,England,1,2,Euro 2024,
2024-07-14,Spain,England,2,1,Euro 2024,
2024-01-13,Ivory Coast,Guinea-Bissau,2,0,AFCON 2023,
2024-01-14,Nigeria,Equatorial Guinea,1,1,AFCON 2023,
2024-01-18,Equatorial Guinea,Guinea-Bissau,4,2,AFCON 2023,
2024-01-18,Ivory Coast,Nigeria,0,1,AFCON 2023,
2024-01-22,Equatorial Guinea,Ivory Coast,4,0,AFCON 2023,
2024-01-22,Guinea-Bissau,Nigeria,0,1,AFCON 2023,
2024-01-14,Egypt,Mozambique,2,2,AFCON 2023,
2024-01-14,Ghana,Cape Verde,1,2,AFCON 2023,
2024-01-18,Egypt,Ghana,2,2,AFCON 2023,
2024-01-19,Cape Verde,Mozambique,3,0,AFCON 2023,
2024-01-22,Mozambique,Ghana,2,2,AFCON 2023,
2024-01-22,Cape Verde,Egypt,2,2,AFCON 2023,
2024-01-15,Senegal,Gambia,3,0,AFCON 2023,
2024-01-15,Cameroon,Guinea,1,1,AFCON 2023,
2024-01-19,Senegal,Cameroon,3,1,AFCON 2023,
2024-01-19,Guinea,Gambia,1,0,AFCON 2023,
2024-01-23,Guinea,Senegal,0,2,AFCON 2023,
2024-01-23,Gambia,Cameroon,2,3,AFCON 2023,
2024-01-15,Algeria,Angola,1,1,AFCON 2023,
2024-01-16,Burkina Faso,Mauritania,1,0,AFCON 2023,
2024-01-20,Algeria,Burkina Faso,2,2,AFCON 2023,
2024-01-20,Mauritania,Angola,2,3,AFCON 2023,
2024-01-23,Angola,Burkina Faso,2,0,AFCON 2023,
2024-01-23,Mauritania,Algeria,1,0,AFCON 2023,
2024-01-16,Tunisia,Namibia,0,1,AFCON 2023,
2024-01-16,Mali,South Africa,2,0,AFCON 2023,
2024-01-20,Tunisia,Mali,1,1,AFCON 2023,
2024-01-21,South Africa,Namibia,4,0,AFCON 2023,
2024-01-24,South Africa,Tunisia,0,0,AFCON 2023,
2024-01-24,Namibia,Mali,0,0,AFCON 2023,
2024-01-17,Morocco,Tanzania,3,0,AFCON 2023,
2024-01-17,DR Congo,Zambia,1,1,AFCON 2023,
2024-01-21,Morocco,DR Congo,1,1,AFCON 2023,
2024-01-21,Zambia,Tanzania,1,1,AFCON 2023,
2024-01-24,Tanzania,DR Congo,0,0,AFCON 2023,
2024-01-24,Zambia,Morocco,0,1,AFCON 2023,
2024-01-27,Angola,Namibia,3,0,AFCON 2023,
2024-01-27,Nigeria,Cameroon,2,0,AFCON 2023,
2024-01-28,Equatorial Guinea,Guinea,0,1,AFCON 2023,
2024-01-29,Cape Verde,Mauritania,1,0,AFCON 2023,
2024-01-30,Mali,Burkina Faso,2,1,AFCON 2023,
2024-01-30,Morocco,South Africa,0,2,AFCON 2023,
2024-02-02,Nigeria,Angola,1,0,AFCON 2023,
2024-02-02,DR Congo,Guinea,3,1,AFCON 2023,
2024-02-07,Ivory Coast,DR Congo,1,0,AFCON 2023,
2024-02-10,South Africa,DR Congo,0,0,AFCON 2023,
2024-02-11,Nigeria,Ivory Coast,1,2,AFCON 2023,
2024-01-12,Qatar,Lebanon,3,0,Asian Cup 2023,
2024-01-13,China,Tajikistan,0,0,Asian Cup 2023,
2024-01-17,Lebanon,China,0,0,Asian Cup 2023,
2024-01-17,Tajikistan,Qatar,0,1,Asian Cup 2023,
2024-01-22,Qatar,China,1,0,Asian Cup 2023,
2024-01-22,Tajikistan,Lebanon,2,1,Asian Cup 2023,
2024-01-13,Australia,India,2,0,Asian Cup 2023,
2024-01-13,Uzbekistan,Syria,0,0,Asian Cup 2023,
2024-01-18,Syria,Australia,0,1,Asian Cup 2023,
2024-01-18,India,Uzbekistan,0,3,Asian Cup 2023,
2024-01-23,Australia,Uzbekistan,1,1,Asian Cup 2023,
2024-01-23,Syria,India,1,0,Asian Cup 2023,
2024-01-14,United Arab Emirates,Hong Kong,3,1,Asian Cup 2023,
2024-01-14,Iran,Palestine,4,1,Asian Cup 2023,
2024-01-18,Palestine,United Arab Emirates,1,1,Asian Cup 2023,
2024-01-19,Hong Kong,Iran,0,1,Asian Cup 2023,
2024-01-23,Iran,United Arab Emirates,2,1,Asian Cup 2023,
2024-01-23,Hong Kong,Palestine,0,3,Asian Cup 2023,
2024-01-14,Japan,Vietnam,4,2,Asian Cup 2023,
2024-01-15,Indonesia,Iraq,1,3,Asian Cup 2023,
2024-01-19,Iraq,Japan,2,1,Asian Cup 2023,
2024-01-19,Vietnam,Indonesia,0,1,Asian Cup 2023,
2024-01-24,Japan,Indonesia,3,1,Asian Cup 2023,
2024-01-24,Iraq,Vietnam,3,2,Asian Cup 2023,
2024-01-15,South Korea,Bahrain,3,1,Asian Cup 2023,
2024-01-15,Malaysia,Jordan,0,4,Asian Cup 2023,
2024-01-20,Jordan,South Korea,2,2,Asian Cup 2023,
2024-01-20,Bahrain,Malaysia,1,0,Asian Cup 2023,
2024-01-25,South Korea,Malaysia,3,3,Asian Cup 2023,
2024-01-25,Jordan,Bahrain,0,1,Asian Cup 2023,
2024-01-16,Thailand,Kyrgyzstan,2,0,Asian Cup 2023,
2024-01-16,Saudi Arabia,Oman,2,1,Asian Cup 2023,
2024-01-21,Oman,Thailand,0,0,Asian Cup 2023,
2024-01-21,Kyrgyzstan,Saudi Arabia,0,2,Asian Cup 2023,
2024-01-25,Saudi Arabia,Thailand,0,0,Asian Cup 2023,
2024-01-25,Kyrgyzstan,Oman,1,1,Asian Cup 2023,
2024-01-28,Australia,Indonesia,4,0,Asian Cup 2023,
2024-01-29,Iraq,Jordan,2,3,Asian Cup 2023,
2024-01-29,Qatar,Palestine,2,1,Asian Cup 2023,
2024-01-30,Uzbekistan,Thailand,2,1,Asian Cup 2023,
2024-01-31,Bahrain,Japan,1,3,Asian Cup 2023,
2024-02-02,Tajikistan,Jordan,0,1,Asian Cup 2023,
2024-02-03,Iran,Japan,2,1,Asian Cup 2023,
2024-02-06,Jordan,South Korea,2,0,Asian Cup 2023,
2024-02-07,Iran,Qatar,2,3,Asian Cup 2023,
2024-02-10,Jordan,Qatar,1,3,Asian Cup 2023,
2025-06-14,Mexico,Dominican Republic,3,2,Gold Cup 2025,
2025-06-15,Costa Rica,Suriname,4,3,Gold Cup 2025,
2025-06-18,Costa Rica,Dominican Republic,2,1,Gold Cup 2025,
2025-06-18,Suriname,Mexico,0,2,Gold Cup 2025,
2025-06-22,Mexico,Costa Rica,0,0,Gold Cup 2025,
2025-06-22,Dominican Republic,Suriname,0,0,Gold Cup 2025,
2025-06-17,Curaçao,El Salvador,0,0,Gold Cup 2025,
2025-06-17,Canada,Honduras,6,0,Gold Cup 2025,
2025-06-21,Curaçao,Canada,1,1,Gold Cup 2025,
2025-06-21,Honduras,El Salvador,2,0,Gold Cup 2025,
2025-06-24,Honduras,Curaçao,2,1,Gold Cup 2025,
2025-06-24,Canada,El Salvador,2,0,Gold Cup 2025,
2025-06-16,Panama,Guadeloupe,5,2,Gold Cup 2025,
2025-06-16,Jamaica,Guatemala,0,1,Gold Cup 2025,
2025-06-20,Jamaica,Guadeloupe,2,1,Gold Cup 2025,
2025-06-20,Guatemala,Panama,0,1,Gold Cup 2025,
2025-06-24,Panama,Jamaica,4,1,Gold Cup 2025,
2025-06-24,Guadeloupe,Guatemala,2,3,Gold Cup 2025,
2025-06-15,United States,Trinidad and Tobago,5,0,Gold Cup 2025,
2025-06-15,Haiti,Saudi Arabia,0,1,Gold Cup 2025,
2025-06-19,Trinidad and Tobago,Haiti,1,1,Gold Cup 2025,
2025-06-19,Saudi Arabia,United States,0,1,Gold Cup 2025,
2025-06-22,Saudi Arabia,Trinidad and Tobago,1,1,Gold Cup 2025,
2025-06-22,United States,Haiti,2,1,Gold Cup 2025,
2025-06-28,Panama,Honduras,1,1,Gold Cup 2025,
2025-06-28,Mexico,Saudi Arabia,2,0,Gold Cup 2025,
2025-06-29,Canada,Guatemala,1,1,Gold Cup 2025,
2025-06-29,United States,Costa Rica,2,2,Gold Cup 2025,
2025-07-02,United States,Guatemala,2,1,Gold Cup 2025,
2025-07-02,Mexico,Honduras,1,0,Gold Cup 2025,
2025-07-06,United States,Mexico,1,2,Gold Cup 2025,
2023-09-07,Paraguay,Peru,0,0,2026 WC Q (CONMEBOL),
2023-09-07,Colombia,Venezuela,1,0,2026 WC Q (CONMEBOL),
2023-09-07,Argentina,Ecuador,1,0,2026 WC Q (CONMEBOL),
2023-09-08,Uruguay,Chile,3,1,2026 WC Q (CONMEBOL),
2023-09-08,Brazil,Bolivia,5,1,2026 WC Q (CONMEBOL),
2023-09-12,Bolivia,Argentina,0,3,2026 WC Q (CONMEBOL),
2023-09-12,Ecuador,Uruguay,2,1,2026 WC Q (CONMEBOL),
2023-09-12,Venezuela,Paraguay,1,0,2026 WC Q (CONMEBOL),
2023-09-12,Chile,Colombia,0,0,2026 WC Q (CONMEBOL),
2023-09-12,Peru,Brazil,0,1,2026 WC Q (CONMEBOL),
2023-10-12,Colombia,Uruguay,2,2,2026 WC Q (CONMEBOL),
2023-10-12,Bolivia,Ecuador,1,2,2026 WC Q (CONMEBOL),
2023-10-12,Argentina,Paraguay,1,0,2026 WC Q (CONMEBOL),
2023-10-12,Chile,Peru,2,0,2026 WC Q (CONMEBOL),
2023-10-12,Brazil,Venezuela,1,1,2026 WC Q (CONMEBOL),
2023-10-17,Venezuela,Chile,3,0,2026 WC Q (CONMEBOL),
2023-10-17,Paraguay,Bolivia,1,0,2026 WC Q (CONMEBOL),
2023-10-17,Ecuador,Colombia,0,0,2026 WC Q (CONMEBOL),
2023-10-17,Uruguay,Brazil,2,0,2026 WC Q (CONMEBOL),
2023-10-17,Peru,Argentina,0,2,2026 WC Q (CONMEBOL),
2023-11-16,Bolivia,Peru,2,0,2026 WC Q (CONMEBOL),
2023-11-16,Venezuela,Ecuador,0,0,2026 WC Q (CONMEBOL),
2023-11-16,Colombia,Brazil,2,1,2026 WC Q (CONMEBOL),
2023-11-16,Argentina,Uruguay,0,2,2026 WC Q (CONMEBOL),
2023-11-16,Chile,Paraguay,0,0,2026 WC Q (CONMEBOL),
2023-11-21,Paraguay,Colombia,0,1,2026 WC Q (CONMEBOL),
2023-11-21,Uruguay,Bolivia,3,0,2026 WC Q (CONMEBOL),
2023-11-21,Ecuador,Chile,1,0,2026 WC Q (CONMEBOL),
2023-11-21,Brazil,Argentina,0,1,2026 WC Q (CONMEBOL),
2023-11-21,Peru,Venezuela,1,1,2026 WC Q (CONMEBOL),
2024-09-05,Bolivia,Venezuela,4,0,2026 WC Q (CONMEBOL),
2024-09-05,Argentina,Chile,3,0,2026 WC Q (CONMEBOL),
2024-09-06,Uruguay,Paraguay,0,0,2026 WC Q (CONMEBOL),
2024-09-06,Brazil,Ecuador,1,0,2026 WC Q (CONMEBOL),
2024-09-06,Peru,Colombia,1,1,2026 WC Q (CONMEBOL),
2024-09-10,Colombia,Argentina,2,1,2026 WC Q (CONMEBOL),
2024-09-10,Chile,Bolivia,1,2,2026 WC Q (CONMEBOL),
2024-09-10,Ecuador,Peru,1,0,2026 WC Q (CONMEBOL),
2024-09-10,Venezuela,Uruguay,0,0,2026 WC Q (CONMEBOL),
2024-09-10,Paraguay,Brazil,1,0,2026 WC Q (CONMEBOL),
2024-10-10,Bolivia,Colombia,1,0,2026 WC Q (CONMEBOL),
2024-10-10,Ecuador,Paraguay,0,0,2026 WC Q (CONMEBOL),
2024-10-10,Venezuela,Argentina,1,1,2026 WC Q (CONMEBOL),
2024-10-10,Chile,Brazil,1,2,2026 WC Q (CONMEBOL),
2024-10-11,Peru,Uruguay,1,0,2026 WC Q (CONMEBOL),
2024-10-15,Colombia,Chile,4,0,2026 WC Q (CONMEBOL),
2024-10-15,Paraguay,Venezuela,2,1,2026 WC Q (CONMEBOL),
2024-10-15,Uruguay,Ecuador,0,0,2026 WC Q (CONMEBOL),
2024-10-15,Argentina,Bolivia,6,0,2026 WC Q (CONMEBOL),
2024-10-15,Brazil,Peru,4,0,2026 WC Q (CONMEBOL),
2024-11-14,Venezuela,Brazil,1,1,2026 WC Q (CONMEBOL),
2024-11-14,Paraguay,Argentina,2,1,2026 WC Q (CONMEBOL),
2024-11-14,Ecuador,Bolivia,4,0,2026 WC Q (CONMEBOL),
2024-11-15,Uruguay,Colombia,3,2,2026 WC Q (CONMEBOL),
2024-11-15,Peru,Chile,0,0,2026 WC Q (CONMEBOL),
2024-11-19,Bolivia,Paraguay,2,2,2026 WC Q (CONMEBOL),
2024-11-19,Colombia,Ecuador,0,1,2026 WC Q (CONMEBOL),
2024-11-19,Argentina,Peru,1,0,2026 WC Q (CONMEBOL),
2024-11-19,Chile,Venezuela,4,2,2026 WC Q (CONMEBOL),
2024-11-19,Brazil,Uruguay,1,1,2026 WC Q (CONMEBOL),
2025-03-20,Paraguay,Chile,1,0,2026 WC Q (CONMEBOL),
2025-03-20,Brazil,Colombia,2,1,2026 WC Q (CONMEBOL),
2025-03-20,Peru,Bolivia,3,1,2026 WC Q (CONMEBOL),
2025-03-21,Ecuador,Venezuela,2,1,2026 WC Q (CONMEBOL),
2025-03-21,Uruguay,Argentina,0,1,2026 WC Q (CONMEBOL),
2025-03-25,Bolivia,Uruguay,0,0,2026 WC Q (CONMEBOL),
2025-03-25,Colombia,Paraguay,2,2,2026 WC Q (CONMEBOL),
2025-03-25,Venezuela,Peru,1,0,2026 WC Q (CONMEBOL),
2025-03-25,Argentina,Brazil,4,1,2026 WC Q (CONMEBOL),
2025-03-25,Chile,Ecuador,0,0,2026 WC Q (CONMEBOL),
2025-06-05,Paraguay,Uruguay,2,0,2026 WC Q (CONMEBOL),
2025-06-05,Ecuador,Brazil,0,0,2026 WC Q (CONMEBOL),
2025-06-05,Chile,Argentina,0,1,2026 WC Q (CONMEBOL),
2025-06-06,Colombia,Peru,0,0,2026 WC Q (CONMEBOL),
2025-06-06,Venezuela,Bolivia,2,0,2026 WC Q (CONMEBOL),
2025-06-10,Bolivia,Chile,2,0,2026 WC Q (CONMEBOL),
2025-06-10,Uruguay,Venezuela,2,0,2026 WC Q (CONMEBOL),
2025-06-10,Argentina,Colombia,1,1,2026 WC Q (CONMEBOL),
2025-06-10,Brazil,Paraguay,1,0,2026 WC Q (CONMEBOL),
2025-06-10,Peru,Ecuador,0,0,2026 WC Q (CONMEBOL),
2025-09-04,Uruguay,Peru,3,0,2026 WC Q (CONMEBOL),
2025-09-04,Colombia,Bolivia,3,0,2026 WC Q (CONMEBOL),
2025-09-04,Paraguay,Ecuador,0,0,2026 WC Q (CONMEBOL),
2025-09-04,Argentina,Venezuela,3,0,2026 WC Q (CONMEBOL),
2025-09-04,Brazil,Chile,3,0,2026 WC Q (CONMEBOL),
2025-09-09,Ecuador,Argentina,1,0,2026 WC Q (CONMEBOL),
2025-09-09,Peru,Paraguay,0,1,2026 WC Q (CONMEBOL),
2025-09-09,Venezuela,Colombia,3,6,2026 WC Q (CONMEBOL),
2025-09-09,Bolivia,Brazil,1,0,2026 WC Q (CONMEBOL),
2025-09-09,Chile,Uruguay,0,0,2026 WC Q (CONMEBOL),
2025-09-04,Luxembourg,Northern Ireland,1,3,2026 WC Q (UEFA),
2025-09-04,Slovakia,Germany,2,0,2026 WC Q (UEFA),
2025-09-07,Luxembourg,Slovakia,0,1,2026 WC Q (UEFA),
2025-09-07,Germany,Northern Ireland,3,1,2026 WC Q (UEFA),
2025-10-10,Northern Ireland,Slovakia,2,0,2026 WC Q (UEFA),
2025-10-10,Germany,Luxembourg,4,0,2026 WC Q (UEFA),
2025-10-13,Northern Ireland,Germany,0,1,2026 WC Q (UEFA),
2025-10-13,Slovakia,Luxembourg,2,0,2026 WC Q (UEFA),
2025-11-14,Luxembourg,Germany,0,2,2026 WC Q (UEFA),
2025-11-14,Slovakia,Northern Ireland,1,0,2026 WC Q (UEFA),
2025-11-17,Northern Ireland,Luxembourg,1,0,2026 WC Q (UEFA),
2025-11-17,Germany,Slovakia,6,0,2026 WC Q (UEFA),
2025-09-05,Slovenia,Sweden,2,2,2026 WC Q (UEFA),
2025-09-05,Switzerland,Kosovo,4,0,2026 WC Q (UEFA),
2025-09-08,Kosovo,Sweden,2,0,2026 WC Q (UEFA),
2025-09-08,Switzerland,Slovenia,3,0,2026 WC Q (UEFA),
2025-10-10,Kosovo,Slovenia,0,0,2026 WC Q (UEFA),
2025-10-10,Sweden,Switzerland,0,2,2026 WC Q (UEFA),
2025-10-13,Slovenia,Switzerland,0,0,2026 WC Q (UEFA),
2025-10-13,Sweden,Kosovo,0,1,2026 WC Q (UEFA),
2025-11-15,Slovenia,Kosovo,0,2,2026 WC Q (UEFA),
2025-11-15,Switzerland,Sweden,4,1,2026 WC Q (UEFA),
2025-11-18,Kosovo,Switzerland,1,1,2026 WC Q (UEFA),
2025-11-18,Sweden,Slovenia,1,1,2026 WC Q (UEFA),
2025-09-05,Greece,Belarus,5,1,2026 WC Q (UEFA),
2025-09-05,Denmark,Scotland,0,0,2026 WC Q (UEFA),
2025-09-08,Belarus,Scotland,0,2,2026 WC Q (UEFA),
2025-09-08,Greece,Denmark,0,3,2026 WC Q (UEFA),
2025-10-09,Belarus,Denmark,0,6,2026 WC Q (UEFA),
2025-10-09,Scotland,Greece,3,1,2026 WC Q (UEFA),
2025-10-12,Scotland,Belarus,2,1,2026 WC Q (UEFA),
2025-10-12,Denmark,Greece,3,1,2026 WC Q (UEFA),
2025-11-15,Greece,Scotland,3,2,2026 WC Q (UEFA),
2025-11-15,Denmark,Belarus,2,2,2026 WC Q (UEFA),
2025-11-18,Belarus,Greece,0,0,2026 WC Q (UEFA),
2025-11-18,Scotland,Denmark,4,2,2026 WC Q (UEFA),
2025-09-05,Iceland,Azerbaijan,5,0,2026 WC Q (UEFA),
2025-09-05,Ukraine,France,0,2,2026 WC Q (UEFA),
2025-09-09,Azerbaijan,Ukraine,1,1,2026 WC Q (UEFA),
2025-09-09,France,Iceland,2,1,2026 WC Q (UEFA),
2025-10-10,Iceland,Ukraine,3,5,2026 WC Q (UEFA),
2025-10-10,France,Azerbaijan,3,0,2026 WC Q (UEFA),
2025-10-13,Iceland,France,2,2,2026 WC Q (UEFA),
2025-10-13,Ukraine,Azerbaijan,2,1,2026 WC Q (UEFA),
2025-11-13,Azerbaijan,Iceland,0,2,2026 WC Q (UEFA),
2025-11-13,France,Ukraine,4,0,2026 WC Q (UEFA),
2025-11-16,Azerbaijan,France,1,3,2026 WC Q (UEFA),
2025-11-16,Ukraine,Iceland,2,0,2026 WC Q (UEFA),
2025-09-04,Georgia,Turkey,2,3,2026 WC Q (UEFA),
2025-09-04,Bulgaria,Spain,0,3,2026 WC Q (UEFA),
2025-09-07,Georgia,Bulgaria,3,0,2026 WC Q (UEFA),
2025-09-07,Turkey,Spain,0,6,2026 WC Q (UEFA),
2025-10-11,Bulgaria,Turkey,1,6,2026 WC Q (UEFA),
2025-10-11,Spain,Georgia,2,0,2026 WC Q (UEFA),
2025-10-14,Turkey,Georgia,4,1,2026 WC Q (UEFA),
2025-10-14,Spain,Bulgaria,4,0,2026 WC Q (UEFA),
2025-11-15,Georgia,Spain,0,4,2026 WC Q (UEFA),
2025-11-15,Turkey,Bulgaria,2,0,2026 WC Q (UEFA),
2025-11-18,Bulgaria,Georgia,2,1,2026 WC Q (UEFA),
2025-11-18,Spain,Turkey,2,2,2026 WC Q (UEFA),
2025-09-06,Armenia,Portugal,0,5,2026 WC Q (UEFA),
2025-09-06,Republic of Ireland,Hungary,2,2,2026 WC Q (UEFA),
2025-09-09,Armenia,Republic of Ireland,2,1,2026 WC Q (UEFA),
2025-09-09,Hungary,Portugal,2,3,2026 WC Q (UEFA),
2025-10-11,Hungary,Armenia,2,0,2026 WC Q (UEFA),
2025-10-11,Portugal,Republic of Ireland,1,0,2026 WC Q (UEFA),
2025-10-14,Republic of Ireland,Armenia,1,0,2026 WC Q (UEFA),
2025-10-14,Portugal,Hungary,2,2,2026 WC Q (UEFA),
2025-11-13,Armenia,Hungary,0,1,2026 WC Q (UEFA),
2025-11-13,Republic of Ireland,Portugal,2,0,2026 WC Q (UEFA),
2025-11-16,Hungary,Republic of Ireland,2,3,2026 WC Q (UEFA),
2025-11-16,Portugal,Armenia,9,1,2026 WC Q (UEFA),
2025-03-21,Malta,Finland,0,1,2026 WC Q (UEFA),
2025-03-21,Poland,Lithuania,1,0,2026 WC Q (UEFA),
2025-03-24,Lithuania,Finland,2,2,2026 WC Q (UEFA),
2025-03-24,Poland,Malta,2,0,2026 WC Q (UEFA),
2025-06-07,Malta,Lithuania,0,0,2026 WC Q (UEFA),
2025-06-07,Finland,Netherlands,0,2,2026 WC Q (UEFA),
2025-06-10,Finland,Poland,2,1,2026 WC Q (UEFA),
2025-06-10,Netherlands,Malta,8,0,2026 WC Q (UEFA),
2025-09-04,Lithuania,Malta,1,1,2026 WC Q (UEFA),
2025-09-04,Netherlands,Poland,1,1,2026 WC Q (UEFA),
2025-09-07,Lithuania,Netherlands,2,3,2026 WC Q (UEFA),
2025-09-07,Poland,Finland,3,1,2026 WC Q (UEFA),
2025-10-09,Finland,Lithuania,2,1,2026 WC Q (UEFA),
2025-10-09,Malta,Netherlands,0,4,2026 WC Q (UEFA),
2025-10-12,Netherlands,Finland,4,0,2026 WC Q (UEFA),
2025-10-12,Lithuania,Poland,0,2,2026 WC Q (UEFA),
2025-11-14,Finland,Malta,0,1,2026 WC Q (UEFA),
2025-11-14,Poland,Netherlands,1,1,2026 WC Q (UEFA),
2025-11-17,Malta,Poland,2,3,2026 WC Q (UEFA),
2025-11-17,Netherlands,Lithuania,4,0,2026 WC Q (UEFA),
2025-03-21,Cyprus,San Marino,2,0,2026 WC Q (UEFA),
2025-03-21,Romania,Bosnia and Herzegovina,0,1,2026 WC Q (UEFA),
2025-03-24,Bosnia and Herzegovina,Cyprus,2,1,2026 WC Q (UEFA),
2025-03-24,San Marino,Romania,1,5,2026 WC Q (UEFA),
2025-06-07,Bosnia and Herzegovina,San Marino,1,0,2026 WC Q (UEFA),
2025-06-07,Austria,Romania,2,1,2026 WC Q (UEFA),
2025-06-10,Romania,Cyprus,2,0,2026 WC Q (UEFA),
2025-06-10,San Marino,Austria,0,4,2026 WC Q (UEFA),
2025-09-06,Austria,Cyprus,1,0,2026 WC Q (UEFA),
2025-09-06,San Marino,Bosnia and Herzegovina,0,6,2026 WC Q (UEFA),
2025-09-09,Bosnia and Herzegovina,Austria,1,2,2026 WC Q (UEFA),
2025-09-09,Cyprus,Romania,2,2,2026 WC Q (UEFA),
2025-10-09,Austria,San Marino,10,0,2026 WC Q (UEFA),
2025-10-09,Cyprus,Bosnia and Herzegovina,2,2,2026 WC Q (UEFA),
2025-10-12,San Marino,Cyprus,0,4,2026 WC Q (UEFA),
2025-10-12,Romania,Austria,1,0,2026 WC Q (UEFA),
2025-11-15,Cyprus,Austria,0,2,2026 WC Q (UEFA),
2025-11-15,Bosnia and Herzegovina,Romania,3,1,2026 WC Q (UEFA),
2025-11-18,Austria,Bosnia and Herzegovina,1,1,2026 WC Q (UEFA),
2025-11-18,Romania,San Marino,7,1,2026 WC Q (UEFA),
2025-03-22,Moldova,Norway,0,5,2026 WC Q (UEFA),
2025-03-22,Israel,Estonia,2,1,2026 WC Q (UEFA),
2025-03-25,Moldova,Estonia,2,3,2026 WC Q (UEFA),
2025-03-25,Israel,Norway,2,4,2026 WC Q (UEFA),
2025-06-06,Estonia,Israel,1,3,2026 WC Q (UEFA),
2025-06-06,Norway,Italy,3,0,2026 WC Q (UEFA),
2025-06-09,Estonia,Norway,0,1,2026 WC Q (UEFA),
2025-06-09,Italy,Moldova,2,0,2026 WC Q (UEFA),
2025-09-05,Moldova,Israel,0,4,2026 WC Q (UEFA),
2025-09-05,Italy,Estonia,5,0,2026 WC Q (UEFA),
2025-09-08,Israel,Italy,4,5,2026 WC Q (UEFA),
2025-09-09,Norway,Moldova,11,1,2026 WC Q (UEFA),
2025-10-11,Norway,Israel,5,0,2026 WC Q (UEFA),
2025-10-11,Estonia,Italy,1,3,2026 WC Q (UEFA),
2025-10-14,Estonia,Moldova,1,1,2026 WC Q (UEFA),
2025-10-14,Italy,Israel,3,0,2026 WC Q (UEFA),
2025-11-13,Norway,Estonia,4,1,2026 WC Q (UEFA),
2025-11-13,Moldova,Italy,0,2,2026 WC Q (UEFA),
2025-11-16,Israel,Moldova,4,1,2026 WC Q (UEFA),
2025-11-16,Italy,Norway,1,4,2026 WC Q (UEFA),
2025-03-22,Liechtenstein,North Macedonia,0,3,2026 WC Q (UEFA),
2025-03-22,Wales,Kazakhstan,3,1,2026 WC Q (UEFA),
2025-03-25,Liechtenstein,Kazakhstan,0,2,2026 WC Q (UEFA),
2025-03-25,North Macedonia,Wales,1,1,2026 WC Q (UEFA),
2025-06-06,North Macedonia,Belgium,1,1,2026 WC Q (UEFA),
2025-06-06,Wales,Liechtenstein,3,0,2026 WC Q (UEFA),
2025-06-09,Kazakhstan,North Macedonia,0,1,2026 WC Q (UEFA),
2025-06-09,Belgium,Wales,4,3,2026 WC Q (UEFA),
2025-09-04,Kazakhstan,Wales,0,1,2026 WC Q (UEFA),
2025-09-04,Liechtenstein,Belgium,0,6,2026 WC Q (UEFA),
2025-09-07,North Macedonia,Liechtenstein,5,0,2026 WC Q (UEFA),
2025-09-07,Belgium,Kazakhstan,6,0,2026 WC Q (UEFA),
2025-10-10,Kazakhstan,Liechtenstein,4,0,2026 WC Q (UEFA),
2025-10-10,Belgium,North Macedonia,0,0,2026 WC Q (UEFA),
2025-10-13,North Macedonia,Kazakhstan,1,1,2026 WC Q (UEFA),
2025-10-13,Wales,Belgium,2,4,2026 WC Q (UEFA),
2025-11-15,Kazakhstan,Belgium,1,1,2026 WC Q (UEFA),
2025-11-15,Liechtenstein,Wales,0,1,2026 WC Q (UEFA),
2025-11-18,Belgium,Liechtenstein,7,0,2026 WC Q (UEFA),
2025-11-18,Wales,North Macedonia,7,1,2026 WC Q (UEFA),
2025-03-21,Andorra,Latvia,0,1,2026 WC Q (UEFA),
2025-03-21,England,Albania,2,0,2026 WC Q (UEFA),
2025-03-24,Albania,Andorra,3,0,2026 WC Q (UEFA),
2025-03-24,England,Latvia,3,0,2026 WC Q (UEFA),
2025-06-07,Andorra,England,0,1,2026 WC Q (UEFA),
2025-06-07,Albania,Serbia,0,0,2026 WC Q (UEFA),
2025-06-10,Latvia,Albania,1,1,2026 WC Q (UEFA),
2025-06-10,Serbia,Andorra,3,0,2026 WC Q (UEFA),
2025-09-06,Latvia,Serbia,0,1,2026 WC Q (UEFA),
2025-09-06,England,Andorra,2,0,2026 WC Q (UEFA),
2025-09-09,Albania,Latvia,1,0,2026 WC Q (UEFA),
2025-09-09,Serbia,England,0,5,2026 WC Q (UEFA),
2025-10-11,Latvia,Andorra,2,2,2026 WC Q (UEFA),
2025-10-11,Serbia,Albania,0,1,2026 WC Q (UEFA),
2025-10-14,Andorra,Serbia,1,3,2026 WC Q (UEFA),
2025-10-14,Latvia,England,0,5,2026 WC Q (UEFA),
2025-11-13,Andorra,Albania,0,1,2026 WC Q (UEFA),
2025-11-13,England,Serbia,2,0,2026 WC Q (UEFA),
2025-11-16,Albania,England,0,2,2026 WC Q (UEFA),
2025-11-16,Serbia,Latvia,2,1,2026 WC Q (UEFA),
2025-03-22,Montenegro,Gibraltar,3,1,2026 WC Q (UEFA),
2025-03-22,Czech Republic,Faroe Islands,2,1,2026 WC Q (UEFA),
2025-03-25,Gibraltar,Czech Republic,0,4,2026 WC Q (UEFA),
2025-03-25,Montenegro,Faroe Islands,1,0,2026 WC Q (UEFA),
2025-06-06,Czech Republic,Montenegro,2,0,2026 WC Q (UEFA),
2025-06-06,Gibraltar,Croatia,0,7,2026 WC Q (UEFA),
2025-06-09,Faroe Islands,Gibraltar,2,1,2026 WC Q (UEFA),
2025-06-09,Croatia,Czech Republic,5,1,2026 WC Q (UEFA),
2025-09-05,Faroe Islands,Croatia,0,1,2026 WC Q (UEFA),
2025-09-05,Montenegro,Czech Republic,0,2,2026 WC Q (UEFA),
2025-09-08,Gibraltar,Faroe Islands,0,1,2026 WC Q (UEFA),
2025-09-08,Croatia,Montenegro,4,0,2026 WC Q (UEFA),
2025-10-09,Czech Republic,Croatia,0,0,2026 WC Q (UEFA),
2025-10-09,Faroe Islands,Montenegro,4,0,2026 WC Q (UEFA),
2025-10-12,Faroe Islands,Czech Republic,2,1,2026 WC Q (UEFA),
2025-10-12,Croatia,Gibraltar,3,0,2026 WC Q (UEFA),
2025-11-14,Gibraltar,Montenegro,1,2,2026 WC Q (UEFA),
2025-11-14,Croatia,Faroe Islands,3,1,2026 WC Q (UEFA),
2025-11-17,Czech Republic,Gibraltar,6,0,2026 WC Q (UEFA),
2025-11-17,Montenegro,Croatia,2,3,2026 WC Q (UEFA),
2023-11-16,Qatar,Afghanistan,8,1,2026 WC Q (AFC R2),
2023-11-16,Kuwait,India,0,1,2026 WC Q (AFC R2),
2023-11-21,Afghanistan,Kuwait,0,4,2026 WC Q (AFC R2),
2023-11-21,India,Qatar,0,3,2026 WC Q (AFC R2),
2024-03-21,Qatar,Kuwait,3,0,2026 WC Q (AFC R2),
2024-03-21,Afghanistan,India,0,0,2026 WC Q (AFC R2),
2024-03-26,India,Afghanistan,1,2,2026 WC Q (AFC R2),
2024-03-26,Kuwait,Qatar,1,2,2026 WC Q (AFC R2),
2024-06-06,Afghanistan,Qatar,0,0,2026 WC Q (AFC R2),
2024-06-06,India,Kuwait,0,0,2026 WC Q (AFC R2),
2024-06-11,Qatar,India,2,1,2026 WC Q (AFC R2),
2024-06-11,Kuwait,Afghanistan,1,0,2026 WC Q (AFC R2),
2023-11-16,Japan,Myanmar,5,0,2026 WC Q (AFC R2),
2023-11-16,Syria,North Korea,1,0,2026 WC Q (AFC R2),
2023-11-21,Myanmar,North Korea,1,6,2026 WC Q (AFC R2),
2023-11-21,Syria,Japan,0,5,2026 WC Q (AFC R2),
2024-03-21,Japan,North Korea,1,0,2026 WC Q (AFC R2),
2024-03-21,Myanmar,Syria,1,1,2026 WC Q (AFC R2),
2024-03-26,Syria,Myanmar,7,0,2026 WC Q (AFC R2),
2024-06-06,Myanmar,Japan,0,5,2026 WC Q (AFC R2),
2024-06-06,North Korea,Syria,1,0,2026 WC Q (AFC R2),
2024-06-11,Japan,Syria,5,0,2026 WC Q (AFC R2),
2024-06-11,North Korea,Myanmar,4,1,2026 WC Q (AFC R2),
2023-11-16,South Korea,Singapore,5,0,2026 WC Q (AFC R2),
2023-11-16,Thailand,China,1,2,2026 WC Q (AFC R2),
2023-11-21,Singapore,Thailand,1,3,2026 WC Q (AFC R2),
2023-11-21,China,South Korea,0,3,2026 WC Q (AFC R2),
2024-03-21,South Korea,Thailand,1,1,2026 WC Q (AFC R2),
2024-03-21,Singapore,China,2,2,2026 WC Q (AFC R2),
2024-03-26,China,Singapore,4,1,2026 WC Q (AFC R2),
2024-03-26,Thailand,South Korea,0,3,2026 WC Q (AFC R2),
2024-06-06,Singapore,South Korea,0,7,2026 WC Q (AFC R2),
2024-06-06,China,Thailand,1,1,2026 WC Q (AFC R2),
2024-06-11,South Korea,China,1,0,2026 WC Q (AFC R2),
2024-06-11,Thailand,Singapore,3,1,2026 WC Q (AFC R2),
2023-11-16,Oman,Chinese Taipei,3,0,2026 WC Q (AFC R2),
2023-11-16,Malaysia,Kyrgyzstan,4,3,2026 WC Q (AFC R2),
2023-11-21,Chinese Taipei,Malaysia,0,1,2026 WC Q (AFC R2),
2023-11-21,Kyrgyzstan,Oman,1,0,2026 WC Q (AFC R2),
2024-03-21,Chinese Taipei,Kyrgyzstan,0,2,2026 WC Q (AFC R2),
2024-03-21,Oman,Malaysia,2,0,2026 WC Q (AFC R2),
2024-03-26,Kyrgyzstan,Chinese Taipei,5,1,2026 WC Q (AFC R2),
2024-03-26,Malaysia,Oman,0,2,2026 WC Q (AFC R2),
2024-06-06,Chinese Taipei,Oman,0,3,2026 WC Q (AFC R2),
2024-06-06,Kyrgyzstan,Malaysia,1,1,2026 WC Q (AFC R2),
2024-06-11,Oman,Kyrgyzstan,1,1,2026 WC Q (AFC R2),
2024-06-11,Malaysia,Chinese Taipei,3,1,2026 WC Q (AFC R2),
2023-11-16,Iran,Hong Kong,4,0,2026 WC Q (AFC R2),
2023-11-16,Turkmenistan,Uzbekistan,1,3,2026 WC Q (AFC R2),
2023-11-21,Hong Kong,Turkmenistan,2,2,2026 WC Q (AFC R2),
2023-11-21,Uzbekistan,Iran,2,2,2026 WC Q (AFC R2),
2024-03-21,Hong Kong,Uzbekistan,0,2,2026 WC Q (AFC R2),
2024-03-21,Iran,Turkmenistan,5,0,2026 WC Q (AFC R2),
2024-03-26,Uzbekistan,Hong Kong,3,0,2026 WC Q (AFC R2),
2024-03-26,Turkmenistan,Iran,0,1,2026 WC Q (AFC R2),
2024-06-06,Hong Kong,Iran,2,4,2026 WC Q (AFC R2),
2024-06-06,Uzbekistan,Turkmenistan,3,1,2026 WC Q (AFC R2),
2024-06-11,Turkmenistan,Hong Kong,0,0,2026 WC Q (AFC R2),
2024-06-11,Iran,Uzbekistan,0,0,2026 WC Q (AFC R2),
2023-11-16,Iraq,Indonesia,5,1,2026 WC Q (AFC R2),
2023-11-16,Philippines,Vietnam,0,2,2026 WC Q (AFC R2),
2023-11-21,Philippines,Indonesia,1,1,2026 WC Q (AFC R2),
2023-11-21,Vietnam,Iraq,0,1,2026 WC Q (AFC R2),
2024-03-21,Iraq,Philippines,1,0,2026 WC Q (AFC R2),
2024-03-21,Indonesia,Vietnam,1,0,2026 WC Q (AFC R2),
2024-03-26,Vietnam,Indonesia,0,3,2026 WC Q (AFC R2),
2024-03-26,Philippines,Iraq,0,5,2026 WC Q (AFC R2),
2024-06-06,Indonesia,Iraq,0,2,2026 WC Q (AFC R2),
2024-06-06,Vietnam,Philippines,3,2,2026 WC Q (AFC R2),
2024-06-11,Iraq,Vietnam,3,1,2026 WC Q (AFC R2),
2024-06-11,Indonesia,Philippines,2,0,2026 WC Q (AFC R2),
2023-11-16,Saudi Arabia,Pakistan,4,0,2026 WC Q (AFC R2),
2023-11-16,Tajikistan,Jordan,1,1,2026 WC Q (AFC R2),
2023-11-21,Pakistan,Tajikistan,1,6,2026 WC Q (AFC R2),
2023-11-21,Jordan,Saudi Arabia,0,2,2026 WC Q (AFC R2),
2024-03-21,Pakistan,Jordan,0,3,2026 WC Q (AFC R2),
2024-03-21,Saudi Arabia,Tajikistan,1,0,2026 WC Q (AFC R2),
2024-03-26,Jordan,Pakistan,7,0,2026 WC Q (AFC R2),
2024-03-26,Tajikistan,Saudi Arabia,1,1,2026 WC Q (AFC R2),
2024-06-06,Pakistan,Saudi Arabia,0,3,2026 WC Q (AFC R2),
2024-06-06,Jordan,Tajikistan,3,0,2026 WC Q (AFC R2),
2024-06-11,Tajikistan,Pakistan,3,0,2026 WC Q (AFC R2),
2024-06-11,Saudi Arabia,Jordan,1,2,2026 WC Q (AFC R2),
2023-11-16,United Arab Emirates,Nepal,4,0,2026 WC Q (AFC R2),
2023-11-16,Yemen,Bahrain,0,2,2026 WC Q (AFC R2),
2023-11-21,Nepal,Yemen,0,2,2026 WC Q (AFC R2),
2023-11-21,Bahrain,United Arab Emirates,0,2,2026 WC Q (AFC R2),
2024-03-21,United Arab Emirates,Yemen,2,1,2026 WC Q (AFC R2),
2024-03-21,Nepal,Bahrain,0,5,2026 WC Q (AFC R2),
2024-03-26,Bahrain,Nepal,3,0,2026 WC Q (AFC R2),
2024-03-26,Yemen,United Arab Emirates,0,3,2026 WC Q (AFC R2),
2024-06-06,Nepal,United Arab Emirates,0,4,2026 WC Q (AFC R2),
2024-06-06,Bahrain,Yemen,0,0,2026 WC Q (AFC R2),
2024-06-11,United Arab Emirates,Bahrain,1,1,2026 WC Q (AFC R2),
2024-06-11,Yemen,Nepal,2,2,2026 WC Q (AFC R2),
2023-11-16,Australia,Bangladesh,7,0,2026 WC Q (AFC R2),
2023-11-16,Lebanon,Palestine,0,0,2026 WC Q (AFC R2),
2023-11-21,Bangladesh,Lebanon,1,1,2026 WC Q (AFC R2),
2023-11-21,Palestine,Australia,0,1,2026 WC Q (AFC R2),
2024-03-21,Australia,Lebanon,2,0,2026 WC Q (AFC R2),
2024-03-21,Palestine,Bangladesh,5,0,2026 WC Q (AFC R2),
2024-03-26,Bangladesh,Palestine,0,1,2026 WC Q (AFC R2),
2024-03-26,Lebanon,Australia,0,5,2026 WC Q (AFC R2),
2024-06-06,Bangladesh,Australia,0,2,2026 WC Q (AFC R2),
2024-06-06,Palestine,Lebanon,0,0,2026 WC Q (AFC R2),
2024-06-11,Australia,Palestine,5,0,2026 WC Q (AFC R2),
2024-06-11,Lebanon,Bangladesh,4,0,2026 WC Q (AFC R2),
2024-09-05,Uzbekistan,North Korea,1,0,2026 WC Q (AFC R3),
2024-09-05,Iran,Kyrgyzstan,1,0,2026 WC Q (AFC R3),
2024-09-05,Qatar,United Arab Emirates,1,3,2026 WC Q (AFC R3),
2024-09-10,North Korea,Qatar,2,2,2026 WC Q (AFC R3),
2024-09-10,Kyrgyzstan,Uzbekistan,2,3,2026 WC Q (AFC R3),
2024-09-10,United Arab Emirates,Iran,0,1,2026 WC Q (AFC R3),
2024-10-10,Uzbekistan,Iran,0,0,2026 WC Q (AFC R3),
2024-10-10,Qatar,Kyrgyzstan,3,1,2026 WC Q (AFC R3),
2024-10-10,United Arab Emirates,North Korea,1,1,2026 WC Q (AFC R3),
2024-10-15,Uzbekistan,United Arab Emirates,1,0,2026 WC Q (AFC R3),
2024-10-15,Kyrgyzstan,North Korea,1,0,2026 WC Q (AFC R3),
2024-10-15,Iran,Qatar,4,1,2026 WC Q (AFC R3),
2024-11-14,North Korea,Iran,2,3,2026 WC Q (AFC R3),
2024-11-14,Qatar,Uzbekistan,3,2,2026 WC Q (AFC R3),
2024-11-14,United Arab Emirates,Kyrgyzstan,3,0,2026 WC Q (AFC R3),
2024-11-19,North Korea,Uzbekistan,0,1,2026 WC Q (AFC R3),
2024-11-19,Kyrgyzstan,Iran,2,3,2026 WC Q (AFC R3),
2024-11-19,United Arab Emirates,Qatar,5,0,2026 WC Q (AFC R3),
2025-03-20,Uzbekistan,Kyrgyzstan,1,0,2026 WC Q (AFC R3),
2025-03-20,Iran,United Arab Emirates,2,0,2026 WC Q (AFC R3),
2025-03-20,Qatar,North Korea,5,1,2026 WC Q (AFC R3),
2025-03-25,Kyrgyzstan,Qatar,3,1,2026 WC Q (AFC R3),
2025-03-25,Iran,Uzbekistan,2,2,2026 WC Q (AFC R3),
2025-03-25,North Korea,United Arab Emirates,1,2,2026 WC Q (AFC R3),
2025-06-05,United Arab Emirates,Uzbekistan,0,0,2026 WC Q (AFC R3),
2025-06-05,Qatar,Iran,1,0,2026 WC Q (AFC R3),
2025-06-05,North Korea,Kyrgyzstan,2,2,2026 WC Q (AFC R3),
2025-06-10,Uzbekistan,Qatar,3,0,2026 WC Q (AFC R3),
2025-06-10,Kyrgyzstan,United Arab Emirates,1,1,2026 WC Q (AFC R3),
2025-06-10,Iran,North Korea,3,0,2026 WC Q (AFC R3),
2024-09-05,South Korea,Palestine,0,0,2026 WC Q (AFC R3),
2024-09-05,Iraq,Oman,1,0,2026 WC Q (AFC R3),
2024-09-05,Jordan,Kuwait,1,1,2026 WC Q (AFC R3),
2024-09-10,Palestine,Jordan,1,3,2026 WC Q (AFC R3),
2024-09-10,Oman,South Korea,1,3,2026 WC Q (AFC R3),
2024-09-10,Kuwait,Iraq,0,0,2026 WC Q (AFC R3),
2024-10-10,Jordan,South Korea,0,2,2026 WC Q (AFC R3),
2024-10-10,Oman,Kuwait,4,0,2026 WC Q (AFC R3),
2024-10-10,Iraq,Palestine,1,0,2026 WC Q (AFC R3),
2024-10-15,South Korea,Iraq,3,2,2026 WC Q (AFC R3),
2024-10-15,Jordan,Oman,4,0,2026 WC Q (AFC R3),
2024-10-15,Palestine,Kuwait,2,2,2026 WC Q (AFC R3),
2024-11-14,Kuwait,South Korea,1,3,2026 WC Q (AFC R3),
2024-11-14,Oman,Palestine,1,0,2026 WC Q (AFC R3),
2024-11-14,Iraq,Jordan,0,0,2026 WC Q (AFC R3),
2024-11-19,Palestine,South Korea,1,1,2026 WC Q (AFC R3),
2024-11-19,Oman,Iraq,0,1,2026 WC Q (AFC R3),
2024-11-19,Kuwait,Jordan,1,1,2026 WC Q (AFC R3),
2025-03-20,South Korea,Oman,1,1,2026 WC Q (AFC R3),
2025-03-20,Iraq,Kuwait,2,2,2026 WC Q (AFC R3),
2025-03-20,Jordan,Palestine,3,1,2026 WC Q (AFC R3),
2025-03-25,South Korea,Jordan,1,1,2026 WC Q (AFC R3),
2025-03-25,Palestine,Iraq,2,1,2026 WC Q (AFC R3),
2025-03-25,Kuwait,Oman,0,1,2026 WC Q (AFC R3),
2025-06-05,Oman,Jordan,0,3,2026 WC Q (AFC R3),
2025-06-05,Iraq,South Korea,0,2,2026 WC Q (AFC R3),
2025-06-05,Kuwait,Palestine,0,2,2026 WC Q (AFC R3),
2025-06-10,South Korea,Kuwait,4,0,2026 WC Q (AFC R3),
2025-06-10,Jordan,Iraq,0,1,2026 WC Q (AFC R3),
2025-06-10,Palestine,Oman,1,1,2026 WC Q (AFC R3),
2024-09-05,Australia,Bahrain,0,1,2026 WC Q (AFC R3),
2024-09-05,Japan,China,7,0,2026 WC Q (AFC R3),
2024-09-05,Saudi Arabia,Indonesia,1,1,2026 WC Q (AFC R3),
2024-09-10,Indonesia,Australia,0,0,2026 WC Q (AFC R3),
2024-09-10,China,Saudi Arabia,1,2,2026 WC Q (AFC R3),
2024-09-10,Bahrain,Japan,0,5,2026 WC Q (AFC R3),
2024-10-10,Australia,China,3,1,2026 WC Q (AFC R3),
2024-10-10,Bahrain,Indonesia,2,2,2026 WC Q (AFC R3),
2024-10-10,Saudi Arabia,Japan,0,2,2026 WC Q (AFC R3),
2024-10-15,Japan,Australia,1,1,2026 WC Q (AFC R3),
2024-10-15,China,Indonesia,2,1,2026 WC Q (AFC R3),
2024-10-15,Saudi Arabia,Bahrain,0,0,2026 WC Q (AFC R3),
2024-11-14,Australia,Saudi Arabia,0,0,2026 WC Q (AFC R3),
2024-11-14,Bahrain,China,0,1,2026 WC Q (AFC R3),
2024-11-15,Indonesia,Japan,0,4,2026 WC Q (AFC R3),
2024-11-19,China,Japan,1,3,2026 WC Q (AFC R3),
2024-11-19,Indonesia,Saudi Arabia,2,0,2026 WC Q (AFC R3),
2024-11-19,Bahrain,Australia,2,2,2026 WC Q (AFC R3),
2025-03-20,Australia,Indonesia,5,1,2026 WC Q (AFC R3),
2025-03-20,Japan,Bahrain,2,0,2026 WC Q (AFC R3),
2025-03-20,Saudi Arabia,China,1,0,2026 WC Q (AFC R3),
2025-03-25,Japan,Saudi Arabia,0,0,2026 WC Q (AFC R3),
2025-03-25,China,Australia,0,2,2026 WC Q (AFC R3),
2025-03-25,Indonesia,Bahrain,1,0,2026 WC Q (AFC R3),
2025-06-05,Australia,Japan,1,0,2026 WC Q (AFC R3),
2025-06-05,Indonesia,China,1,0,2026 WC Q (AFC R3),
2025-06-05,Bahrain,Saudi Arabia,0,2,2026 WC Q (AFC R3),
2025-06-10,Japan,Indonesia,6,0,2026 WC Q (AFC R3),
2025-06-10,China,Bahrain,1,0,2026 WC Q (AFC R3),
2025-06-10,Saudi Arabia,Australia,1,2,2026 WC Q (AFC R3),
2025-09-04,Suriname,Panama,0,0,2026 WC Q (CONCACAF),
2025-09-04,Guatemala,El Salvador,0,1,2026 WC Q (CONCACAF),
2025-09-08,El Salvador,Suriname,1,2,2026 WC Q (CONCACAF),
2025-09-08,Panama,Guatemala,1,1,2026 WC Q (CONCACAF),
2025-10-10,Suriname,Guatemala,1,1,2026 WC Q (CONCACAF),
2025-10-10,El Salvador,Panama,0,1,2026 WC Q (CONCACAF),
2025-10-14,Panama,Suriname,1,1,2026 WC Q (CONCACAF),
2025-10-14,El Salvador,Guatemala,0,1,2026 WC Q (CONCACAF),
2025-11-13,Suriname,El Salvador,4,0,2026 WC Q (CONCACAF),
2025-11-13,Guatemala,Panama,2,3,2026 WC Q (CONCACAF),
2025-11-18,Guatemala,Suriname,3,1,2026 WC Q (CONCACAF),
2025-11-18,Panama,El Salvador,3,0,2026 WC Q (CONCACAF),
2025-09-05,Bermuda,Jamaica,0,4,2026 WC Q (CONCACAF),
2025-09-05,Trinidad and Tobago,Curaçao,0,0,2026 WC Q (CONCACAF),
2025-09-09,Jamaica,Trinidad and Tobago,2,0,2026 WC Q (CONCACAF),
2025-09-09,Curaçao,Bermuda,3,2,2026 WC Q (CONCACAF),
2025-10-10,Bermuda,Trinidad and Tobago,0,3,2026 WC Q (CONCACAF),
2025-10-10,Curaçao,Jamaica,2,0,2026 WC Q (CONCACAF),
2025-10-14,Curaçao,Trinidad and Tobago,1,1,2026 WC Q (CONCACAF),
2025-10-14,Jamaica,Bermuda,4,0,2026 WC Q (CONCACAF),
2025-11-13,Bermuda,Curaçao,0,7,2026 WC Q (CONCACAF),
2025-11-13,Trinidad and Tobago,Jamaica,1,1,2026 WC Q (CONCACAF),
2025-11-18,Jamaica,Curaçao,0,0,2026 WC Q (CONCACAF),
2025-11-18,Trinidad and Tobago,Bermuda,2,2,2026 WC Q (CONCACAF),
2025-09-05,Haiti,Honduras,0,0,2026 WC Q (CONCACAF),
2025-09-05,Nicaragua,Costa Rica,1,1,2026 WC Q (CONCACAF),
2025-09-09,Costa Rica,Haiti,3,3,2026 WC Q (CONCACAF),
2025-09-09,Honduras,Nicaragua,2,0,2026 WC Q (CONCACAF),
2025-10-09,Nicaragua,Haiti,0,3,2026 WC Q (CONCACAF),
2025-10-09,Honduras,Costa Rica,0,0,2026 WC Q (CONCACAF),
2025-10-13,Honduras,Haiti,3,0,2026 WC Q (CONCACAF),
2025-10-13,Costa Rica,Nicaragua,4,1,2026 WC Q (CONCACAF),
2025-11-13,Haiti,Costa Rica,1,0,2026 WC Q (CONCACAF),
2025-11-13,Nicaragua,Honduras,2,0,2026 WC Q (CONCACAF),
2025-11-18,Costa Rica,Honduras,0,0,2026 WC Q (CONCACAF),
2025-11-18,Haiti,Nicaragua,2,0,2026 WC Q (CONCACAF),
2024-09-06,Cook Islands,Tonga,1,3,2026 WC Q (OFC),
2024-09-06,American Samoa,Samoa,0,2,2026 WC Q (OFC),
2024-10-10,New Caledonia,Papua New Guinea,3,1,2026 WC Q (OFC),
2024-10-10,Solomon Islands,Fiji,0,1,2026 WC Q (OFC),
2024-11-14,Solomon Islands,New Caledonia,2,3,2026 WC Q (OFC),
2024-11-14,Papua New Guinea,Fiji,3,3,2026 WC Q (OFC),
2024-11-17,Fiji,New Caledonia,1,1,2026 WC Q (OFC),
2024-11-17,Papua New Guinea,Solomon Islands,1,2,2026 WC Q (OFC),
2024-10-11,New Zealand,Tahiti,3,0,2026 WC Q (OFC),
2024-10-12,Vanuatu,Samoa,4,1,2026 WC Q (OFC),
2024-11-15,Samoa,Tahiti,0,3,2026 WC Q (OFC),
2024-11-15,New Zealand,Vanuatu,8,1,2026 WC Q (OFC),
2024-11-18,Tahiti,Vanuatu,2,0,2026 WC Q (OFC),
2024-11-18,Samoa,New Zealand,0,8,2026 WC Q (OFC),
2025-03-21,New Caledonia,Tahiti,3,0,2026 WC Q (OFC),
2025-03-21,New Zealand,Fiji,7,0,2026 WC Q (OFC),
2025-03-24,New Caledonia,New Zealand,0,3,2026 WC Q (OFC),
